﻿<?xml version="1.0" encoding="utf-8"?>
<RoleModel xmlns:xsi="http://www.w3.org/2001/XMLSchema-instance" xmlns:xsd="http://www.w3.org/2001/XMLSchema" name="ImageValidation.Service" version="1.8.31004.1351" xmlns="http://schemas.microsoft.com/ServiceHosting/2008/10/ServiceDefinition">
  <Startup>
    <Task commandLine="DiagnosticsAgent.exe" taskType="background" relativePath="plugins\Diagnostics">
      <Environment>
        <Variable name="RdModuleName" value="Diagnostics" />
        <Variable name="WaRoleType" value="IISWebRole" />
      </Environment>
    </Task>
    <Task commandLine="DiagnosticsAgent.exe /blockStartup" relativePath="plugins\Diagnostics">
      <Environment>
        <Variable name="RdModuleName" value="Diagnostics" />
        <Variable name="WaRoleType" value="IISWebRole" />
      </Environment>
    </Task>
  </Startup>
  <Runtime>
    <EntryPoint>
      <NetFxEntryPoint assemblyName="ImageValidation.Service.dll" targetFrameworkVersion="v3.5" />
    </EntryPoint>
  </Runtime>
  <ConfigurationSettings>
    <Setting name="ConnectionString" nameSpace="Microsoft.WindowsAzure.Plugins.Diagnostics" />
  </ConfigurationSettings>
  <Properties>
    <Property name="TargetFrameworkVersion" value="v4.0" />
    <Property name="RoleType" value="Web" />
    <Property name="RoleName" value="ImageValidation.Service" />
    <Property name="ProjectName" value="ImageValidation.Service" />
    <Property name="Configuration" value="Release" />
    <Property name="Platform" value="AnyCPU" />
    <Property name="RoleTargetFramework" value="v4.0" />
    <Property name="OutputDir" value="D:\Project\New-ImageValidation\New\ImageValidation\obj\Release\ImageValidation.Service\" />
    <Property name="EntryPoint" value="ImageValidation.Service.dll" />
    <Property name="SourceDir" value="D:\Project\New-ImageValidation\New\ImageValidation.Service\" />
    <Property name="SitePhysicalPath" value="D:\Project\New-ImageValidation\New\ImageValidation\obj\Release\ImageValidation.Service\" />
    <Property name="TargetRuntimeVersion" value="v4.0" />
  </Properties>
  <Sites>
    <Site name="Web" physicalDirectory="D:\Project\New-ImageValidation\New\ImageValidation\obj\Release\ImageValidation.Service\">
      <Bindings>
        <Binding name="Endpoint1" endpointName="Endpoint1" />
        <Binding name="Endpoint2" endpointName="Endpoint2" />
      </Bindings>
    </Site>
  </Sites>
</RoleModel>