<?xml version="1.0" encoding="UTF-8"?><?xml-stylesheet type='text/xsl' href='_UpgradeReport_Files/UpgradeReport.xslt'?><UpgradeLog>
<Properties><Property Name="Solution" Value="ImageValidation">
</Property><Property Name="Solution File" Value="F:\Azure Image validation utility\Service\ImageValidation\ImageValidation.sln">
</Property><Property Name="Date" Value="Monday, February 04, 2013">
</Property><Property Name="Time" Value="13:04:04 PM">
</Property><Property Name="Log Number" Value="2">
</Property></Properties><Event ErrorLevel="0" Project="ImageValidation.Collection" Source="ImageValidation.Collection\ImageValidation.Collection.csproj" Description="Project file successfully backed up as F:\Azure Image validation utility\Service\ImageValidation\Backup1\ImageValidation.Collection.csproj">
</Event><Event ErrorLevel="0" Project="ImageValidation.Collection" Source="ImageValidation.Collection\ClientXML.cs" Description="File successfully backed up as F:\Azure Image validation utility\Service\ImageValidation\Backup1\ClientXML.cs">
</Event><Event ErrorLevel="0" Project="ImageValidation.Collection" Source="ImageValidation.Collection\ComputerInformation.cs" Description="File successfully backed up as F:\Azure Image validation utility\Service\ImageValidation\Backup1\ComputerInformation.cs">
</Event><Event ErrorLevel="0" Project="ImageValidation.Collection" Source="ImageValidation.Collection\DriverInformation.cs" Description="File successfully backed up as F:\Azure Image validation utility\Service\ImageValidation\Backup1\DriverInformation.cs">
</Event><Event ErrorLevel="0" Project="ImageValidation.Collection" Source="ImageValidation.Collection\HotFixInformation.cs" Description="File successfully backed up as F:\Azure Image validation utility\Service\ImageValidation\Backup1\HotFixInformation.cs">
</Event><Event ErrorLevel="0" Project="ImageValidation.Collection" Source="ImageValidation.Collection\Properties\AssemblyInfo.cs" Description="File successfully backed up as F:\Azure Image validation utility\Service\ImageValidation\Backup1\Properties\AssemblyInfo.cs">
</Event><Event ErrorLevel="0" Project="ImageValidation.Collection" Source="ImageValidation.Collection\RegistryInformation.cs" Description="File successfully backed up as F:\Azure Image validation utility\Service\ImageValidation\Backup1\RegistryInformation.cs">
</Event><Event ErrorLevel="0" Project="ImageValidation.Collection" Source="ImageValidation.Collection\ImageValidation.Collection.csproj" Description="Project converted successfully">
</Event><Event ErrorLevel="3" Project="ImageValidation.Collection" Source="ImageValidation.Collection\ImageValidation.Collection.csproj" Description="Converted">
</Event><Event ErrorLevel="0" Project="ImageValidation.Collection" Source="ImageValidation.Collection\ImageValidation.Collection.csproj" Description="Scan complete: Upgrade not required for project files.">
</Event></UpgradeLog>