<?xml version="1.0" encoding="UTF-8"?><?xml-stylesheet type='text/xsl' href='_UpgradeReport_Files/UpgradeReport.xslt'?><UpgradeLog>
<Properties><Property Name="Solution" Value="ImageValidation">
</Property><Property Name="Solution File" Value="F:\Azure Image validation utility\Service\ImageValidation\ImageValidation.sln">
</Property><Property Name="Date" Value="Monday, February 04, 2013">
</Property><Property Name="Time" Value="13:04:23 PM">
</Property><Property Name="Log Number" Value="3">
</Property></Properties><Event ErrorLevel="0" Project="ImageValidation.Core" Source="ImageValidation.Core\ImageValidation.Core.csproj" Description="Project file successfully backed up as F:\Azure Image validation utility\Service\ImageValidation\Backup2\ImageValidation.Core.csproj">
</Event><Event ErrorLevel="0" Project="ImageValidation.Core" Source="ImageValidation.Core\Application.cs" Description="File successfully backed up as F:\Azure Image validation utility\Service\ImageValidation\Backup2\Application.cs">
</Event><Event ErrorLevel="0" Project="ImageValidation.Core" Source="ImageValidation.Core\Computer.cs" Description="File successfully backed up as F:\Azure Image validation utility\Service\ImageValidation\Backup2\Computer.cs">
</Event><Event ErrorLevel="0" Project="ImageValidation.Core" Source="ImageValidation.Core\Driver.cs" Description="File successfully backed up as F:\Azure Image validation utility\Service\ImageValidation\Backup2\Driver.cs">
</Event><Event ErrorLevel="0" Project="ImageValidation.Core" Source="ImageValidation.Core\Hotfix.cs" Description="File successfully backed up as F:\Azure Image validation utility\Service\ImageValidation\Backup2\Hotfix.cs">
</Event><Event ErrorLevel="0" Project="ImageValidation.Core" Source="ImageValidation.Core\Properties\AssemblyInfo.cs" Description="File successfully backed up as F:\Azure Image validation utility\Service\ImageValidation\Backup2\Properties\AssemblyInfo.cs">
</Event><Event ErrorLevel="0" Project="ImageValidation.Core" Source="ImageValidation.Core\Registries.cs" Description="File successfully backed up as F:\Azure Image validation utility\Service\ImageValidation\Backup2\Registries.cs">
</Event><Event ErrorLevel="0" Project="ImageValidation.Core" Source="ImageValidation.Core\Users.cs" Description="File successfully backed up as F:\Azure Image validation utility\Service\ImageValidation\Backup2\Users.cs">
</Event><Event ErrorLevel="0" Project="ImageValidation.Core" Source="ImageValidation.Core\ImageValidation.Core.csproj" Description="Project converted successfully">
</Event><Event ErrorLevel="3" Project="ImageValidation.Core" Source="ImageValidation.Core\ImageValidation.Core.csproj" Description="Converted">
</Event><Event ErrorLevel="0" Project="ImageValidation.Core" Source="ImageValidation.Core\ImageValidation.Core.csproj" Description="Scan complete: Upgrade not required for project files.">
</Event></UpgradeLog>