<?xml version="1.0" encoding="UTF-8"?><?xml-stylesheet type='text/xsl' href='_UpgradeReport_Files/UpgradeReport.xslt'?><UpgradeLog>
<Properties><Property Name="Solution" Value="ImageValidation">
</Property><Property Name="Solution File" Value="F:\Azure Image validation utility\Service\ImageValidation\ImageValidation.sln">
</Property><Property Name="Date" Value="Monday, February 04, 2013">
</Property><Property Name="Time" Value="13:03:08 PM">
</Property></Properties><Event ErrorLevel="0" Project="ImageValidation.Client" Source="ImageValidation.Client\ImageValidation.Client.csproj" Description="Project file successfully backed up as F:\Azure Image validation utility\Service\ImageValidation\Backup\ImageValidation.Client.csproj">
</Event><Event ErrorLevel="0" Project="ImageValidation.Client" Source="ImageValidation.Client\App.xaml.cs" Description="File successfully backed up as F:\Azure Image validation utility\Service\ImageValidation\Backup\App.xaml.cs">
</Event><Event ErrorLevel="0" Project="ImageValidation.Client" Source="ImageValidation.Client\CollectionTool.xaml.cs" Description="File successfully backed up as F:\Azure Image validation utility\Service\ImageValidation\Backup\CollectionTool.xaml.cs">
</Event><Event ErrorLevel="0" Project="ImageValidation.Client" Source="ImageValidation.Client\Login.xaml.cs" Description="File successfully backed up as F:\Azure Image validation utility\Service\ImageValidation\Backup\Login.xaml.cs">
</Event><Event ErrorLevel="0" Project="ImageValidation.Client" Source="ImageValidation.Client\Properties\AssemblyInfo.cs" Description="File successfully backed up as F:\Azure Image validation utility\Service\ImageValidation\Backup\Properties\AssemblyInfo.cs">
</Event><Event ErrorLevel="0" Project="ImageValidation.Client" Source="ImageValidation.Client\Properties\Resources.Designer.cs" Description="File successfully backed up as F:\Azure Image validation utility\Service\ImageValidation\Backup\Properties\Resources.Designer.cs">
</Event><Event ErrorLevel="0" Project="ImageValidation.Client" Source="ImageValidation.Client\Properties\Settings.Designer.cs" Description="File successfully backed up as F:\Azure Image validation utility\Service\ImageValidation\Backup\Properties\Settings.Designer.cs">
</Event><Event ErrorLevel="0" Project="ImageValidation.Client" Source="ImageValidation.Client\Resources\ErrorResources.Designer.cs" Description="File successfully backed up as F:\Azure Image validation utility\Service\ImageValidation\Backup\Resources\ErrorResources.Designer.cs">
</Event><Event ErrorLevel="0" Project="ImageValidation.Client" Source="ImageValidation.Client\Resources\Resources.Designer.cs" Description="File successfully backed up as F:\Azure Image validation utility\Service\ImageValidation\Backup\Resources\Resources.Designer.cs">
</Event><Event ErrorLevel="0" Project="ImageValidation.Client" Source="ImageValidation.Client\Validation\NotifyingObject.cs" Description="File successfully backed up as F:\Azure Image validation utility\Service\ImageValidation\Backup\Validation\NotifyingObject.cs">
</Event><Event ErrorLevel="0" Project="ImageValidation.Client" Source="ImageValidation.Client\Validation\Validation.cs" Description="File successfully backed up as F:\Azure Image validation utility\Service\ImageValidation\Backup\Validation\Validation.cs">
</Event><Event ErrorLevel="0" Project="ImageValidation.Client" Source="ImageValidation.Client\Properties\Settings.settings" Description="File successfully backed up as F:\Azure Image validation utility\Service\ImageValidation\Backup\Properties\Settings.settings">
</Event><Event ErrorLevel="0" Project="ImageValidation.Client" Source="ImageValidation.Client\Properties\Resources.resx" Description="File successfully backed up as F:\Azure Image validation utility\Service\ImageValidation\Backup\Properties\Resources.resx">
</Event><Event ErrorLevel="0" Project="ImageValidation.Client" Source="ImageValidation.Client\Resources\ErrorResources.resx" Description="File successfully backed up as F:\Azure Image validation utility\Service\ImageValidation\Backup\Resources\ErrorResources.resx">
</Event><Event ErrorLevel="0" Project="ImageValidation.Client" Source="ImageValidation.Client\Resources\Resources.resx" Description="File successfully backed up as F:\Azure Image validation utility\Service\ImageValidation\Backup\Resources\Resources.resx">
</Event><Event ErrorLevel="0" Project="ImageValidation.Client" Source="ImageValidation.Client\App.xaml" Description="File successfully backed up as F:\Azure Image validation utility\Service\ImageValidation\Backup\App.xaml">
</Event><Event ErrorLevel="0" Project="ImageValidation.Client" Source="ImageValidation.Client\CollectionTool.xaml" Description="File successfully backed up as F:\Azure Image validation utility\Service\ImageValidation\Backup\CollectionTool.xaml">
</Event><Event ErrorLevel="0" Project="ImageValidation.Client" Source="ImageValidation.Client\Login.xaml" Description="File successfully backed up as F:\Azure Image validation utility\Service\ImageValidation\Backup\Login.xaml">
</Event><Event ErrorLevel="0" Project="ImageValidation.Client" Source="ImageValidation.Client\ImageValidation.Client.csproj" Description="Project converted successfully">
</Event><Event ErrorLevel="3" Project="ImageValidation.Client" Source="ImageValidation.Client\ImageValidation.Client.csproj" Description="Converted">
</Event><Event ErrorLevel="0" Project="ImageValidation.Client" Source="ImageValidation.Client\ImageValidation.Client.csproj" Description="Scan complete: Upgrade not required for project files.">
</Event></UpgradeLog>