<?xml version="1.0" encoding="utf-8"?>
<Driver xmlns:xsi="http://www.w3.org/2001/XMLSchema-instance" xmlns:xsd="http://www.w3.org/2001/XMLSchema">
  <DriverID xsi:nil="true" />
  <ComputerID>0</ComputerID>
  <Description>Microsoft ISATAP Adapter</Description>
  <DeviceClass>NET</DeviceClass>
  <DeviceID>ROOT\*ISATAP\0000</DeviceID>
  <DeviceName>Microsoft ISATAP Adapter</DeviceName>
  <DriverDate>0001-01-01T00:00:00</DriverDate>
  <DriverProviderName>Microsoft</DriverProviderName>
  <DriverVersion>6.1.7600.16385</DriverVersion>
  <HardWareID>*ISATAP</HardWareID>
  <InfName>nettun.inf</InfName>
  <IsSigned>True</IsSigned>
  <Manufacturer>Microsoft</Manufacturer>
  <PDO>\Device\00000001</PDO>
  <Signer>Microsoft Windows</Signer>
</Driver>